dbname_list,α,β,QoI_list,evidence,q̂_list
./Generated_ACE_Potentials/Si_dataset/correlation_order_3_EFV/dia325/Si_degpair_3_degsite_3,1.8694144236466068e-7,84.9107525530925,"[96.01546243747423, 95.99407948369837, 96.14043656281726, 96.19174284595361, 96.0608503051382, 96.13921823304948, 96.14951456137811, 96.11686378273501, 96.08158194276349, 96.04248046129837, 95.93680228608667, 96.10463506203178, 96.04254362973512, 96.16068015544865, 96.01604531659008, 96.0442566439837, 96.15399630515485, 96.20288912623653, 96.1683620319107, 96.15165259678407, 96.08261114537716, 96.07162177716752, 96.08240514397278, 96.16047287743122, 96.16279712872333, 96.05854305538121, 96.19322919614167, 96.07236833953225, 96.09150708461365, 96.04307855060141, 96.04929817231232, 96.10587962971239, 96.055475025873, 96.056873639794, 96.01838713374828, 96.18359562318348, 96.12705412601362, 96.02834013105274, 95.98069136924205, 96.15874545603896, 96.08609937151164, 96.1623891534574, 96.05100522952411, 96.1597675441516, 96.19254829830818, 96.09161266224358, 95.95363345447971, 96.19944725334766, 96.20132349661833, 96.1021189570146, 96.16958075044919, 96.11306962888844, 96.03887755009453, 96.11777941354863, 96.04767502671207, 96.08134242690514, 96.05264858775585, 96.01774912040423, 96.16678220440613, 96.24698088292408, 96.17342961612131, 96.12382441187623, 95.93085132704148, 96.02767695063947, 96.09473102198538, 96.15978782840047, 96.07955072110384, 96.06723391154038, 96.18037303241086, 96.1461687250108, 96.06263382868705, 96.07126913870746, 96.06843483497698, 96.06793499920444, 96.02888954584152, 95.91449320381354, 96.12380328994603, 96.0552092872363, 96.07749817969429, 96.21777697077688, 96.048424810093, 96.16306353640964, 96.11151931871156, 96.00442234613729, 96.20074182713698, 96.21195324039223, 96.12568157907073, 96.15155662657429, 96.24014243091634, 96.05893388609928, 96.21711646853532, 96.1627557863538, 96.04807487159252, 96.1744870427204, 96.12114710992248, 96.19250055450684, 96.02593358810482, 96.25601763624127, 96.00603101011943, 96.10557722468955]",28849.01508704909,227.0
./Generated_ACE_Potentials/Si_dataset/correlation_order_3_EFV/dia325/Si_degpair_3_degsite_4,1.7405757848318924e-8,132.5068227271634,"[91.53413155508099, 91.57281323174153, 91.33783655855575, 91.47476960115776, 91.3683316123794, 91.4408989944515, 91.59562877675171, 91.4938631160774, 91.55418550741594, 91.48616034341254, 91.50374836112738, 91.47840071372957, 91.3886572793321, 91.45686584383704, 91.43210000421504, 91.64498398705062, 91.61454316063661, 91.44447378310808, 91.65118721557894, 91.74029958686492, 91.3450490882064, 91.54233002583454, 91.4543195260539, 91.48281162987948, 91.49175622951927, 91.47421364643432, 91.57906460971378, 91.27629410272178, 91.6428680441634, 91.5491403732842, 91.40392913062801, 91.54226087557977, 91.67681177418572, 91.45113201985964, 91.56576980866184, 91.57334887295139, 91.43917088959083, 91.45061343929191, 91.39494348426312, 91.61043630843058, 91.51626616408066, 91.48253128212002, 91.49791081333328, 91.50291692357402, 91.52939154441626, 91.34095981500631, 91.46774287435309, 91.4440869869176, 91.47405022642454, 91.3736441371626, 91.46292562794622, 91.69752830637516, 91.53247365328399, 91.63808579974521, 91.61066323846887, 91.56881748951874, 91.37794994571003, 91.47452124720998, 91.70256640432197, 91.47907030428115, 91.53055628103351, 91.50532733939171, 91.46801110669331, 91.56032787682885, 91.46449313006943, 91.52746535549589, 91.73109745000328, 91.63112737863833, 91.16426255201925, 91.42897326735917, 91.56896166099808, 91.4125335976263, 91.3092064584718, 91.43206649731533, 91.49192499058125, 91.47741837021097, 91.45471959602607, 91.49518125577437, 91.48087233772964, 91.52671589264052, 91.5411502288972, 91.51768895974938, 91.48090592974643, 91.40485575205508, 91.63438825185676, 91.29905254299027, 91.50820533056675, 91.49690809816133, 91.44288441069526, 91.47746732749142, 91.61635778430033, 91.4367248453517, 91.42244390571454, 91.5422696748086, 91.31042042342462, 91.47791166960369, 91.50533739165827, 91.5076751796336, 91.40770652231575, 91.64474149031378]",36743.36675150228,176.0
./Generated_ACE_Potentials/Si_dataset/correlation_order_3_EFV/dia325/Si_degpair_3_degsite_5,0.0012632878496094012,134.77239876854577,"[89.83136910408868, 90.04252751387453, 89.80909526374556, 89.84886884947419, 89.92804506112955, 89.95938194303939, 89.90873931506437, 89.81017584773969, 89.8331626780824, 89.87834327678247, 89.9467922155186, 89.76335227312065, 89.77331438565282, 89.97380944348666, 89.90906854140643, 89.89752469305381, 89.98063317404721, 89.90036769190148, 89.87733738719255, 89.73276511763055, 90.03387978265253, 89.631476804376, 89.81335312800526, 89.84581983165488, 89.98314208948526, 89.847423134996, 89.81337804731608, 89.97234414510197, 89.68889300875479, 89.95876127579439, 89.90999575053652, 90.03928409398905, 90.01032593008622, 89.87101262788947, 89.97704503545359, 89.7249693125527, 89.88580354052958, 89.77378672975472, 89.9086099614137, 89.749071032984, 89.82503031528726, 89.84039129865965, 89.97258826185093, 90.003070280337, 89.79761194753452, 89.84622392578058, 89.96518117062855, 89.77849056540734, 89.91074244287832, 89.99080412767475, 89.80088873664721, 89.95293819555788, 89.78432622866718, 89.82477163044031, 89.97712658570754, 89.75149682452839, 89.88913341045425, 89.82098218673285, 89.8006107045942, 90.02401496029927, 89.74912215892076, 89.83354149361355, 90.07891177403633, 90.00405105729783, 90.0459919190864, 90.01165448725897, 89.95354129482912, 89.99435884871107, 89.92656558264538, 89.87556131209003, 89.89263469573646, 90.02697554719602, 89.95431048090035, 89.92367266526423, 89.80507165317468, 89.86501764531948, 89.9826355857094, 89.8334795005808, 89.68248005100375, 90.16119307690431, 89.85628272307444, 89.73255033418606, 89.985743665028, 90.07396251568102, 89.82361747027802, 89.8706550233509, 89.6742040141656, 89.98142560705332, 89.83147137634789, 89.97506372133101, 89.70800355031487, 89.82646116690162, 89.89224048096317, 89.94520143001112, 90.00913314768842, 89.82387685979026, 89.87476970533025, 89.91501879589062, 89.82338118640114, 89.9046061373771]",37121.80927899979,121.0
./Generated_ACE_Potentials/Si_dataset/correlation_order_3_EFV/dia325/Si_degpair_3_degsite_6,1.2560456059174428e-8,214.76247969207913,"[92.26159746459284, 92.24153283408359, 92.24379441847168, 92.26843354408712, 92.30588696552434, 92.35449152693046, 92.4187764541301, 92.3963306244261, 92.3919331733839, 92.38180609116067, 92.30192709736129, 92.34172069907348, 92.30581986513474, 92.37385135166622, 92.38256990611428, 92.36448751129201, 92.34852559089198, 92.3240256545334, 92.2633612852832, 92.36830451344672, 92.47397521240657, 92.21134256894993, 92.35626744723227, 92.241907817868, 92.24933023069042, 92.31906802929713, 92.36687108104182, 92.52824612818546, 92.31515519619046, 92.47508866962225, 92.32104149873417, 92.3199711197602, 92.51000351392803, 92.324728169076, 92.41597608496245, 92.25857139110512, 92.19613767558366, 92.3302817969348, 92.49863693949756, 92.46117388408689, 92.1516517536192, 92.3839027109008, 92.38045709887831, 92.48751619957407, 92.26050959541877, 92.43821242858164, 92.22850820580338, 92.32467323215381, 92.25894392789482, 92.29721460919316, 92.3145518992186, 92.25002866815358, 92.37419613874386, 92.33104974616451, 92.32711281830629, 92.33193498921837, 92.28319780776316, 92.45349508914047, 92.37964212182439, 92.5292454280963, 92.37469189795445, 92.34304373974098, 92.32094232574278, 92.47957304350527, 92.40511303854832, 92.34777370329881, 92.29359532324233, 92.30026227612606, 92.30962210913879, 92.46611705660222, 92.40915944530897, 92.27164029507041, 92.40937228980361, 92.28993390855344, 92.47564000487674, 92.29420581165304, 92.42058284863637, 92.37582812616412, 92.29994301297084, 92.47757351752911, 92.39551313311266, 92.39892018462946, 92.38822970285287, 92.36962832504746, 92.29846072056246, 92.229608227441, 92.24089933471373, 92.3121292258381, 92.30568080830557, 92.25430197963549, 92.2831308933615, 92.25528965408797, 92.36865124743055, 92.2269960176291, 92.27120194694119, 92.44057105517206, 92.30684254913257, 92.3741882815913, 92.34807129614605, 92.35480953724901]",45284.82080199405,98.0
./Generated_ACE_Potentials/Si_dataset/correlation_order_3_EFV/dia325/Si_degpair_3_degsite_7,6.210590289712482e-10,298.8450663557143,"[87.36702678443145, 87.5494813703112, 87.5223740898867, 87.41229149558819, 87.40993996872645, 87.50355106639319, 87.39158324237398, 87.4689501343232, 87.56419234056536, 87.64218499183565, 87.40308169036494, 87.7260018434495, 87.40519021852593, 87.41376774483989, 87.36831427306817, 87.50318123495282, 87.43320977216861, 87.52568375425957, 87.48983575487509, 87.48931920805927, 87.49826440106578, 87.6037200186832, 87.59240009407691, 87.47251860843599, 87.61247702109856, 87.22636605453665, 87.63607299414703, 87.65331557221991, 87.48152054601846, 87.53623449234045, 87.45684378085203, 87.58878598581532, 87.5950411463905, 87.51639856568231, 87.60410497649046, 87.24570298120493, 87.50613390435015, 87.4701019929724, 87.34170234355456, 87.38097855872506, 87.55662679081794, 87.56701249203908, 87.37376883174115, 87.55061417604342, 87.48328387729096, 87.28001183881872, 87.55855166007372, 87.35494958023625, 87.45040166423294, 87.38833633134483, 87.40223276476101, 87.49111086391213, 87.59704891300898, 87.48358616388943, 87.55116021782614, 87.44920041665324, 87.491753396429, 87.57807746559709, 87.57630914330962, 87.51145341692164, 87.48535714400194, 87.50976595712613, 87.70548315573977, 87.61493306425952, 87.50985536921736, 87.49472642035585, 87.64777609807392, 87.50535371411775, 87.6935839339659, 87.55158060697507, 87.62261213609919, 87.39060107956556, 87.62371702243374, 87.33786845159315, 87.45199410758894, 87.60370885289427, 87.63962050381804, 87.58328814986884, 87.55179503135902, 87.45231106796317, 87.42348852497307, 87.38888367529736, 87.45260690896512, 87.40627919732987, 87.4891566616798, 87.58623517691638, 87.42393274317445, 87.59480769896503, 87.37393857243116, 87.430144678197, 87.59760245948605, 87.44646995822244, 87.49188939065095, 87.63451070836666, 87.54541662625807, 87.51454236048318, 87.52745203359675, 87.53276936597881, 87.59178345995021, 87.36452731925978]",50985.07146802973,69.0
./Generated_ACE_Potentials/Si_dataset/correlation_order_3_EFV/dia325/Si_degpair_3_degsite_8,0.0006917548179354415,394.75506119604177,"[87.19652443277899, 87.44898154082937, 87.45414024481755, 87.33920275273674, 87.39389617482273, 87.30447453346339, 87.39591340982828, 87.48822614903497, 87.41144253701881, 87.29281537331752, 87.34807284010724, 87.51934744204478, 87.43036220592869, 87.25536656881762, 87.55782373478007, 87.38606819008652, 87.37249519636462, 87.45384847829486, 87.4947725678958, 87.40199721945046, 87.42933780694925, 87.10069687489398, 87.45267740959606, 87.33824401178056, 87.43276568307951, 87.17984491467722, 87.4799851091307, 87.37727708347491, 87.4544917574457, 87.46844253100508, 87.11808519388039, 87.30394477278888, 87.38876221266568, 87.29936569010239, 87.31580344251573, 87.41246469340413, 87.43825494891477, 87.30407886404147, 87.27565095356653, 87.36651342701013, 87.37876512054436, 87.41524751385326, 87.37445235304222, 87.34594637199015, 87.41809516160055, 87.48393361280726, 87.4869702954833, 87.35106458299437, 87.39371670577101, 87.29525542591, 87.34674664516832, 87.30812812779007, 87.30480882985967, 87.33636984024149, 87.34573139216833, 87.22963129576277, 87.2813339850764, 87.41767272164469, 87.43234684752754, 87.38202223939201, 87.36019523869216, 87.33409830943417, 87.19765162364916, 87.48947174025143, 87.52073514527096, 87.47711140882922, 87.33333039010171, 87.2676831148134, 87.46917088013498, 87.18373206596765, 87.34426411800908, 87.35480380121221, 87.30471243201582, 87.54095362483997, 87.38198011189513, 87.41089280095242, 87.49564846462742, 87.34304031988965, 87.4221276985319, 87.47525918774286, 87.5391476076871, 87.38342904038323, 87.37038413165615, 87.32002902174771, 87.3911463254396, 87.32818470403863, 87.3601869024041, 87.31660517538376, 87.34025869124049, 87.42401454394627, 87.29218930420015, 87.26376756887154, 87.33536958069557, 87.22734370151663, 87.41297692808881, 87.40264765561147, 87.40086137873254, 87.41740219938491, 87.40366941549269, 87.41998780664748]",56125.91520560374,53.0
./Generated_ACE_Potentials/Si_dataset/correlation_order_3_EFV/dia325/Si_degpair_3_degsite_9,1.4459253428994532,718.288215410137,"[87.74810799825345, 87.64711324160157, 87.82412336571261, 87.65389333171714, 87.72351141492254, 87.8133962497808, 87.7052848012564, 87.77500937669285, 87.63705425961815, 87.79855018675177, 87.82361629412101, 87.72626136787345, 87.68651828520122, 87.74833452850591, 87.80571829548074, 87.68979658245763, 87.52811444634958, 87.73640869600037, 87.73538496008152, 87.73674684546623, 87.65910952122422, 87.77496168222531, 87.7413711504322, 87.78809212606573, 87.67493443011205, 87.79281724426745, 87.6687713488076, 87.69516205408007, 87.5956559192819, 87.61699796356079, 87.70333967283332, 87.6767724431009, 87.74958973260004, 87.65438027953797, 87.68630738157184, 87.68916187881285, 87.77528184356798, 87.75296425452639, 87.8340784147805, 87.79106791898684, 87.74588542630839, 87.78241509399369, 87.62215894418337, 87.73102087416764, 87.69546353504292, 87.80783081474665, 87.58868665156027, 87.57551926062774, 87.64452793343638, 87.67648622538518, 87.71698327511052, 87.91620189767444, 87.67191949487413, 87.72256331166646, 87.70610145242526, 87.71007002853254, 87.76323367921434, 87.78044199790023, 87.80533184690042, 87.79956240088313, 87.75442096062068, 87.6252107363323, 87.90451360595446, 87.6243725889546, 87.68222634903552, 87.77025065427442, 87.62587062811626, 87.67643725459709, 87.71536337196231, 87.80501713072469, 87.60627998764778, 87.72523589060985, 87.73249913051787, 87.72527594728675, 87.74006525117217, 87.73772349505687, 87.78092699525716, 87.65070405598654, 87.73375511105642, 87.68606306540946, 87.67011687604135, 87.69181679249311, 87.73889541641577, 87.67124524918083, 87.73890814103109, 87.7177612194497, 87.88845191698783, 87.63833054833307, 87.61591713709102, 87.69583172167027, 87.7031779591156, 87.6796850116659, 87.62480436566698, 87.68086658780544, 87.84404142516824, 87.74674389913254, 87.7348298668005, 87.68631951420929, 87.76396912641542, 87.74685308100894]",66988.8503394229,53.0
./Generated_ACE_Potentials/Si_dataset/correlation_order_3_EFV/dia325/Si_degpair_3_degsite_10,6.0469899238807105,1070.381744613989,"[88.41521861372217, 88.4274059685207, 88.3306461190897, 88.39695165270999, 88.39270223391931, 88.45190236687523, 88.2736210800654, 88.3402970355145, 88.42455653393297, 88.34447208049158, 88.38838198807264, 88.33684693699702, 88.48707063822297, 88.4637200485512, 88.4332994286374, 88.41656140823086, 88.39176214788674, 88.42239031859614, 88.40539838817735, 88.45135797278894, 88.56323375806784, 88.41508162743945, 88.3045736256192, 88.31375061856842, 88.41279157742409, 88.35653159506363, 88.46492362744586, 88.43119229225972, 88.35128458650833, 88.41613096367776, 88.33303477311928, 88.5169301511356, 88.36246056878393, 88.44389651266084, 88.4488347305268, 88.31375029633799, 88.39624942340609, 88.3897867221374, 88.3806619252029, 88.44714889630578, 88.37770375583595, 88.5189055520903, 88.3246856775129, 88.4740116810641, 88.45847727723813, 88.36020410534336, 88.44410508252524, 88.42842782211294, 88.44559752069769, 88.37343336779925, 88.46836522990986, 88.42266310612705, 88.45044775699849, 88.51149639317806, 88.38231109908811, 88.40340684235561, 88.43154942178656, 88.39714945062249, 88.39405426982525, 88.29556299113906, 88.29775982417162, 88.3563157080293, 88.31343566150112, 88.48776202272239, 88.49600257834926, 88.39288663536149, 88.41357748416839, 88.39699915103478, 88.33000450034076, 88.48131015468876, 88.28958439320701, 88.39432732292381, 88.37204652797877, 88.41262954025663, 88.37130029784093, 88.43373602570223, 88.33579623735562, 88.41379831075464, 88.41148069866372, 88.42347638356064, 88.45739132511206, 88.43903220086965, 88.44771941681351, 88.429690278772, 88.3820247384406, 88.28277928669735, 88.33258006106439, 88.3305688611644, 88.37072087143854, 88.42918004852399, 88.33379968664445, 88.37235935066207, 88.37404465463888, 88.35873532209078, 88.38106567503041, 88.428753853879, 88.35592096467172, 88.27861568134345, 88.37923674917653, 88.42482033978428]",74049.14154505225,48.0
./Generated_ACE_Potentials/Si_dataset/correlation_order_3_EFV/dia325/Si_degpair_3_degsite_11,4.828294240549053,1862.639048397348,"[88.41768633960828, 88.40575820559846, 88.44010378163975, 88.43228863299936, 88.46036891023289, 88.44337619880274, 88.4527965212175, 88.4699312957319, 88.39712153536803, 88.38747475577325, 88.3223972365199, 88.42459393852026, 88.4517516117163, 88.3639336904056, 88.31044189445278, 88.4998971729218, 88.45737563022607, 88.45206938445236, 88.42849888048907, 88.43484739345278, 88.44332244691218, 88.52161138686994, 88.3721154292399, 88.48340410131725, 88.40805428356235, 88.38701954406523, 88.50474140237903, 88.43739289988925, 88.3098416438012, 88.33352879385959, 88.42242688871083, 88.44273499889795, 88.38234865461402, 88.37741484040312, 88.4435265705869, 88.46777046959025, 88.34057354021272, 88.49329032317482, 88.36146438995067, 88.39481683695509, 88.50143294716541, 88.45056371810466, 88.32768800932337, 88.39210912193973, 88.37987823897541, 88.3122236871879, 88.39706948367393, 88.39362556281414, 88.39174876543639, 88.45301584177066, 88.3903191979927, 88.39982921760074, 88.40559910199606, 88.42703929555726, 88.39753511993402, 88.41946448732456, 88.42176858333787, 88.42850171256714, 88.34910878737433, 88.51311172791735, 88.48135121652558, 88.3699616578009, 88.35502947924891, 88.36101110268133, 88.40864722615022, 88.40085242883757, 88.5164605406435, 88.42581539100524, 88.40715111560066, 88.4960468757316, 88.43788395547864, 88.42102242396044, 88.3846648468384, 88.46971517502048, 88.38707804775507, 88.4949028550566, 88.47821357212554, 88.44669567906014, 88.41019642476374, 88.46787223593726, 88.41811927888716, 88.4025037512107, 88.4126433866063, 88.45731017958175, 88.3628002245309, 88.32341510399449, 88.52181041058788, 88.45466281815777, 88.42720029044816, 88.3708535597884, 88.4259888414814, 88.31642074308081, 88.37359112750266, 88.44778120066022, 88.40625337302494, 88.48719583278715, 88.34917874443475, 88.4601786125091, 88.4481843722738, 88.38360632309583]",83759.59223386046,41.0
./Generated_ACE_Potentials/Si_dataset/correlation_order_3_EFV/dia325/Si_degpair_3_degsite_12,8.357945578725223,3675.047021029403,"[88.5166365495807, 88.4340721943341, 88.44198592374615, 88.37915315568371, 88.49063146797398, 88.39367908940778, 88.44670876379685, 88.39524340041498, 88.4348639587794, 88.42959500887852, 88.53051668210962, 88.46669154356893, 88.55457150537356, 88.44855197113469, 88.43803661987069, 88.50854203700581, 88.42007077041602, 88.44547238657397, 88.44048413509361, 88.43472442475061, 88.48998439439468, 88.45412390979227, 88.44790351856659, 88.45208121256978, 88.44344331173008, 88.43133943922813, 88.44895999581138, 88.44796243865976, 88.45788822088828, 88.43424814844812, 88.44040080631785, 88.46230536036323, 88.43806399395781, 88.45342199554904, 88.49831353493987, 88.49174557931465, 88.46299588931078, 88.4710835043924, 88.46438897881387, 88.49839427005742, 88.46998150195742, 88.4585245994883, 88.47532795827038, 88.44231408148121, 88.40714626202511, 88.4550045464942, 88.45490988487148, 88.43928944485963, 88.46967535434285, 88.46689410658247, 88.54139189001559, 88.46918573996723, 88.39728396229778, 88.43266392553892, 88.42781458536109, 88.40223494891424, 88.43168703679024, 88.42653874922092, 88.4446719982274, 88.42899779315691, 88.43527193859171, 88.36773588575842, 88.4889603562548, 88.39614010930808, 88.4931898932237, 88.56772322313653, 88.35193043757175, 88.45859546049908, 88.46478822173219, 88.44537733852007, 88.38668403800345, 88.43021707532027, 88.489329209713, 88.43451596722761, 88.47051743415444, 88.36802574154646, 88.44805128933972, 88.49098331016886, 88.4585890698732, 88.50945586953421, 88.42969816212647, 88.50089751383373, 88.47535292658343, 88.48607457826421, 88.4947029512902, 88.46240597218092, 88.50061568827427, 88.44506137770321, 88.48014588877219, 88.46960269360349, 88.40034459685204, 88.46453269055962, 88.47537904405294, 88.4737496387056, 88.46129725177961, 88.46305924119734, 88.43178143526713, 88.46602224937307, 88.46169010416064, 88.43751281252072]",95702.28963231145,40.0
./Generated_ACE_Potentials/Si_dataset/correlation_order_3_EFV/dia325/Si_degpair_3_degsite_13,5.913170497369532,4937.972759900421,"[88.0635662567679, 88.05638280141366, 88.03882373279745, 88.08215896290204, 88.10176933755052, 88.09735087648521, 88.04410169376261, 88.04171894529416, 88.09928133392219, 88.05485119802555, 88.10017367065964, 88.06677577134008, 88.07867054770283, 88.0410960287205, 88.05790820487262, 88.08503968182625, 88.00907560791526, 88.07664965676405, 88.1187917087066, 88.05649193161105, 88.10900060709236, 88.10314690163469, 88.06731657179087, 88.13104888205879, 88.1519322934268, 88.15765322543172, 88.0957022267184, 88.04654624157241, 88.13403016874453, 88.06826221541614, 88.05588794172519, 88.08017326460174, 88.04673845499327, 88.10857487846314, 88.14770105217337, 88.05673652382758, 88.07737172509269, 88.07494156542013, 88.07598414844054, 88.0482718113045, 88.07570489692336, 88.05544363572379, 88.04531444006024, 88.06713538345868, 88.07778064396256, 88.09967019363685, 88.06780011596857, 88.11024247636664, 88.10463528459108, 88.08782310610026, 88.05032431033842, 88.07858159507042, 88.10697903432131, 88.08372653782286, 88.04544497281196, 88.0643148171796, 88.01701459433299, 88.07111242080477, 88.06632050913858, 88.0623275871778, 88.1511452125254, 88.01989251813187, 88.03387502383822, 88.0493748393998, 88.08948355231877, 88.02383638888595, 88.0746988040064, 88.10025706699389, 88.107305165558, 88.09530433050342, 88.10428390578393, 88.00100082718066, 88.06265596998955, 88.1113809014268, 88.03858096100231, 88.07891687987453, 88.06747054889932, 88.07550909610313, 88.04597386090988, 88.119194298948, 88.01461059659253, 88.00792283122945, 88.11089033752611, 88.04232166972731, 88.06894998628712, 88.02115970376573, 88.1143810961601, 88.12021588190994, 88.10340956609289, 88.0400671131661, 88.01814525552264, 88.06337705209708, 88.06509971547973, 88.07464109883557, 88.04001639771333, 88.09643154304938, 88.06995344251605, 88.08703117407097, 88.10655421209736, 88.07698103023418]",100505.51392065754,42.0
./Generated_ACE_Potentials/Si_dataset/correlation_order_3_EFV/dia325/Si_degpair_3_degsite_14,58.695693707819274,6166.922687976973,"[88.03112797466909, 88.01424545136024, 88.0607318680988, 87.97076135499589, 88.01691414339095, 88.00656630264311, 88.10327804963875, 88.11102501753149, 88.07956655434802, 88.03069508032783, 88.0747850766425, 88.02308890523092, 88.04879966284811, 88.07910180462603, 88.0204016791292, 87.9770651639263, 88.04973449894594, 88.03306302270474, 87.99834554681209, 88.01223993005708, 88.0328501780633, 87.966307657612, 87.99533555225433, 88.05780199627323, 88.02000930496833, 88.04531505891468, 88.04074919845081, 87.9965640023338, 87.98257024075828, 88.04030142305541, 87.99685176785589, 88.03648391657411, 88.00495357400197, 88.0356399727469, 88.02578953519908, 88.03377889598988, 87.97549251810119, 88.035575431503, 88.05138278771366, 87.96784694458688, 88.06354070408044, 88.07071501954556, 87.95943093204836, 88.09699482173973, 87.99144413349367, 87.96672574945592, 88.0564687049524, 88.00662949231273, 88.03754219364679, 88.08157347918491, 88.0958986426903, 88.0348645723418, 88.06740738912761, 88.02884184703497, 88.02905436266636, 88.03445789917268, 88.04178949794645, 88.00613879730987, 88.04335924416928, 88.0345487985044, 88.04553979865734, 88.00231969253954, 88.08204578008572, 88.07827721093885, 88.03266582462709, 88.00119597150463, 88.09674722125642, 87.99008754991901, 88.08570360373676, 88.00179491882894, 88.02284697387856, 88.02978463803525, 88.0561123179346, 88.00040289204524, 88.05422068159271, 88.06116102349205, 88.07216094677418, 87.96929432676404, 88.04674327627103, 88.0392054899324, 88.03157164349962, 88.04752991132756, 87.98871051223257, 88.00908710150456, 88.04734232248865, 88.02462157049642, 88.00220531293176, 88.0349782865575, 88.05232900147593, 88.02782358181925, 88.03545074001525, 88.0692771417117, 88.01954935766341, 88.06583000580916, 88.04556394120395, 87.99122733479868, 88.01056361870127, 88.07687097154566, 88.02230393476422, 88.01983162054701]",104350.23133013544,35.0
./Generated_ACE_Potentials/Si_dataset/correlation_order_3_EFV/dia325/Si_degpair_3_degsite_15,116.16860646410626,7366.490413400598,"[88.29360667590356, 88.25721523069477, 88.23068839131354, 88.33574818640555, 88.28840567951545, 88.27989765988552, 88.31636798965134, 88.29851479786007, 88.29847183511382, 88.25573210751888, 88.2066722490582, 88.24873882080298, 88.29706608583253, 88.22718016275202, 88.26447539982267, 88.30807700393885, 88.25853646112722, 88.26234324808719, 88.29274473475502, 88.24958514150777, 88.24932756297547, 88.27296678078713, 88.25030765100766, 88.27216309323184, 88.28872261347736, 88.30066991198684, 88.27883287893519, 88.31960516573774, 88.23304822273838, 88.27626512228363, 88.24188451060789, 88.28941545522694, 88.2716245615016, 88.24855948488722, 88.27171709434414, 88.26490803503155, 88.28238734978606, 88.35682027548202, 88.26540676986808, 88.26949099594486, 88.27520983952826, 88.33100551948107, 88.25656437202967, 88.26665162960924, 88.25494290905141, 88.29657170488768, 88.2519710329191, 88.20566242396211, 88.22174729158662, 88.2962202953551, 88.26227414422036, 88.28469155811959, 88.20195288040983, 88.34164357725822, 88.26066413903892, 88.30333747567178, 88.28848103197399, 88.28763705071883, 88.29833723722557, 88.29260968841271, 88.26980769666547, 88.33279600846559, 88.23523201201834, 88.27716552816668, 88.22919394884896, 88.26645965613913, 88.23812206032983, 88.26427028057745, 88.33639833241558, 88.26779930035906, 88.28333180161268, 88.24036266265813, 88.27736220058061, 88.27045428021297, 88.25958839044982, 88.32074419877644, 88.29022792690125, 88.24376646533278, 88.26643750302243, 88.24992460574835, 88.28078285473697, 88.25180185326155, 88.29263160977916, 88.2324811197381, 88.29343925475824, 88.26538350109308, 88.20796379457427, 88.26431940383148, 88.29195503504998, 88.28051263834129, 88.26434039475022, 88.3061262406246, 88.25842389857742, 88.25877699373294, 88.26447899844558, 88.22776157127159, 88.22082599582272, 88.28108940383262, 88.30487543875644, 88.3034762607857]",107119.30760129388,33.0
./Generated_ACE_Potentials/Si_dataset/correlation_order_3_EFV/dia325/Si_degpair_3_degsite_16,437.9879520739462,8689.46312553966,"[88.32619678723037, 88.23884482707308, 88.3492207193735, 88.28323167849442, 88.29473553485516, 88.30201577339916, 88.27070614374011, 88.31663900532374, 88.23871341220605, 88.29654891729128, 88.29924513508416, 88.23812346650794, 88.2255585041541, 88.2679545009193, 88.21192698770437, 88.28992057812992, 88.3090888735073, 88.31781024316945, 88.3288836426726, 88.31406572383744, 88.36235657751165, 88.34692731197691, 88.2775918892467, 88.32957969995695, 88.30595735101278, 88.23215921175837, 88.26677382150767, 88.31612128070931, 88.31186746187441, 88.26020645330017, 88.30746803184866, 88.37295734219869, 88.25621289011804, 88.364209582457, 88.28845174612121, 88.30148412465219, 88.27643140999184, 88.29548613219035, 88.27277571407112, 88.29717596550063, 88.27094553897521, 88.31449363930076, 88.32130527046094, 88.3833914968189, 88.29197275250768, 88.30174652224973, 88.28423601014109, 88.26301112528037, 88.29619126717651, 88.28824084823688, 88.35060489394604, 88.24358733394021, 88.2985909630878, 88.29219768491042, 88.33586219782694, 88.27033596546411, 88.26483475213158, 88.34846337992295, 88.26746445784555, 88.33510282003482, 88.30901789277564, 88.32480711388486, 88.29263221381635, 88.26518972113648, 88.2965639112018, 88.3430540663741, 88.29882094850284, 88.3240905028584, 88.25778093785311, 88.3391564652997, 88.31561874522681, 88.3255999973151, 88.28626822454841, 88.26159398925415, 88.36071202322752, 88.25462943479626, 88.32306543266175, 88.24290813129669, 88.26124659580167, 88.34012192314039, 88.30870649404972, 88.28716397636451, 88.2690887923353, 88.28684954704296, 88.26288281314729, 88.25924678606178, 88.33451404720009, 88.33680092606276, 88.31415043666406, 88.27390970331574, 88.33688025893862, 88.26563966666194, 88.32320178442212, 88.274060445091, 88.24507672311054, 88.36673790575983, 88.35765323477054, 88.28591360150446, 88.21509496168547, 88.26593418069679]",109797.46860207121,30.0
./Generated_ACE_Potentials/Si_dataset/correlation_order_3_EFV/dia325/Si_degpair_3_degsite_17,482.97863054185245,10535.720554714906,"[89.04774564642852, 89.05441519809108, 89.06702129242545, 89.08300640687524, 89.00147501552014, 89.08006010469559, 89.03529622154086, 89.0758888551623, 89.05192720106703, 89.02195134974845, 89.06277181180634, 89.03117492242045, 89.07894074555442, 89.02615296072416, 89.03412894699603, 89.02442285471857, 89.05113776741106, 89.04203069926923, 89.054041611867, 88.9901457877364, 89.01761385859706, 89.03796730752966, 89.0485214234556, 89.06343097514116, 88.99747934259237, 88.97207437195247, 89.05909397432208, 89.0204916725101, 89.02008841445856, 89.05845143848748, 89.05578432793129, 89.07255175117777, 89.00716982405481, 89.0364632753418, 89.02219831605805, 89.04038635293415, 89.01937880774051, 88.98433822625616, 89.04781897907822, 89.0693092532335, 89.05349488515655, 89.06838436108201, 89.07886820972007, 88.99785456451838, 89.00768753279294, 89.04815092629022, 89.06035660551036, 89.00885751280099, 89.05100799895257, 89.06355271251086, 89.09701679485612, 89.04137234074221, 89.02110159290538, 89.02388195182743, 89.06678814795964, 89.02588292916855, 89.06995197748492, 89.00874975753048, 88.97218512874773, 89.01397698530077, 89.05906433657626, 89.03694635508005, 88.9983508497432, 89.03821808496387, 89.0358181618025, 89.03181124554473, 89.01741095316852, 89.05252947688336, 89.0437924718197, 89.02571232421757, 89.11277023008499, 89.06566605893057, 89.03703235749084, 89.0745305026896, 89.00339675485736, 89.04805808376894, 89.08050754964192, 89.00783422516773, 89.05138883062335, 89.03179042169887, 89.04082015094238, 89.04296460243376, 89.01282081580925, 89.05155436772716, 89.03840475947494, 89.05204924644273, 89.07887490545701, 89.0784141768659, 89.03848985463007, 89.07757352785501, 88.9870277000481, 89.0456664890828, 89.07233913010809, 89.00864689851957, 89.07774671537545, 89.00694531209669, 89.0765501067762, 89.00452153377485, 89.00760973651902, 89.02253918772873]",112522.32861164803,29.0
./Generated_ACE_Potentials/Si_dataset/correlation_order_3_EFV/dia325/Si_degpair_3_degsite_18,841.1788743909824,12472.186770443155,"[86.58920948021904, 86.53757759942984, 86.5366400890885, 86.59435160332336, 86.5591329655383, 86.51893325352947, 86.54100519102481, 86.54829056534189, 86.54363582958838, 86.53275560982641, 86.54219598339962, 86.5360409681955, 86.52966588864732, 86.54133919942603, 86.57770677528138, 86.52895557853181, 86.53250500858755, 86.5165762086917, 86.57176802812492, 86.55578594353645, 86.51576371170314, 86.52967279854855, 86.58224538753625, 86.53620462239944, 86.59336595724025, 86.54922263939885, 86.56304701273886, 86.54774468591698, 86.4768771059407, 86.49444710808986, 86.52420706021611, 86.52341028868993, 86.46471478090308, 86.52346774411666, 86.64507030914297, 86.55407228628408, 86.53017788690713, 86.51884438540834, 86.53135558643523, 86.51466019647555, 86.50807522455626, 86.54258630182105, 86.48274879678992, 86.47887186907644, 86.45121676247884, 86.46396434603268, 86.56016453656339, 86.4666480024874, 86.46899320721768, 86.51115078620546, 86.60598056758177, 86.55674160730388, 86.49229937502623, 86.56675372128177, 86.47291182749454, 86.49058584915821, 86.45041377642058, 86.5219101729132, 86.48617907878925, 86.54346562461846, 86.5039731717285, 86.53775278632608, 86.5281767688704, 86.5702068358128, 86.5052874814587, 86.55345399262984, 86.47147405192769, 86.53084815418106, 86.5536164269844, 86.45314768762998, 86.53112303940861, 86.55523405855443, 86.44906823092496, 86.56057317894296, 86.5279218039113, 86.50866361311357, 86.53968373931681, 86.54980395891101, 86.54660212816644, 86.50969635406219, 86.52417368761822, 86.54122487220627, 86.51290059135485, 86.5352167903894, 86.51261169331069, 86.52355765989313, 86.49819620917171, 86.53505210375901, 86.51430239407159, 86.5205128416004, 86.50157155998528, 86.51885238184902, 86.56613363529301, 86.52095092691812, 86.52697008416372, 86.48541731284642, 86.51538902737947, 86.54677315500817, 86.55766098743143, 86.52999162220266]",114876.92584894503,30.0
./Generated_ACE_Potentials/Si_dataset/correlation_order_3_EFV/dia325/Si_degpair_3_degsite_19,2064.804835446283,14794.68664602619,"[88.50735535714622, 88.47786233658375, 88.58504981795913, 88.58867350434664, 88.5887668432141, 88.55967175160515, 88.56981813600802, 88.53599958729934, 88.53487864469373, 88.50539515657782, 88.5347450134692, 88.5199438244761, 88.5492910830822, 88.54413678446784, 88.49809909468438, 88.50865474241408, 88.54765925241546, 88.51633421811228, 88.52568088890392, 88.54578166159534, 88.50257209997933, 88.47865120752984, 88.49788240723484, 88.53516561336365, 88.5578407380193, 88.5562727908782, 88.58567807760964, 88.52903280605928, 88.54204917974101, 88.53438681820961, 88.55829164113786, 88.53972916358842, 88.56097465112383, 88.53070833356551, 88.45690574586162, 88.553971870927, 88.5073421102609, 88.50726208681351, 88.5077181773626, 88.52326256878285, 88.4937096996556, 88.48978308090092, 88.51987373600302, 88.53467868997926, 88.5535390897398, 88.51057872300478, 88.54665152203533, 88.56549499649266, 88.53405820007066, 88.51607730958997, 88.54277874265331, 88.53855824261852, 88.50594375925172, 88.57426378865846, 88.50704103887749, 88.52338342912512, 88.5222244159202, 88.51627410210712, 88.48908065350375, 88.52804792915113, 88.51444613804897, 88.49522722330461, 88.46116621304118, 88.544422734941, 88.50521076972414, 88.49841768895341, 88.48364882951448, 88.48926014350361, 88.52987904741822, 88.49721203625911, 88.54892931454796, 88.52976988311399, 88.5205896907048, 88.53004098695675, 88.55956299156475, 88.4806231005348, 88.51121869800824, 88.48899276897727, 88.49188901403404, 88.52530879263747, 88.49083175723791, 88.52118974101681, 88.51952474167523, 88.57349819044441, 88.51301585714728, 88.5765441760678, 88.52971700710968, 88.52002575111986, 88.5307005486781, 88.56416700831218, 88.56298160451705, 88.51791849003764, 88.51190379576731, 88.53020932982274, 88.45878921787661, 88.45588585109559, 88.5345672727601, 88.53911589053565, 88.48265447645105, 88.51359175439245]",117357.97959853851,25.0
./Generated_ACE_Potentials/Si_dataset/correlation_order_3_EFV/dia325/Si_degpair_3_degsite_20,2940.7594286318063,18548.971785567635,"[86.21804103175072, 86.2257953799155, 86.20801320155091, 86.2223726530591, 86.21998102335208, 86.233094936928, 86.18458748128963, 86.22900425002841, 86.19984891204889, 86.24128090903962, 86.14108346297573, 86.16070032982202, 86.1493094984758, 86.25416016963487, 86.24371319748067, 86.15458734996257, 86.22820014938996, 86.21306952647035, 86.22629371363517, 86.20897105141904, 86.24696095533595, 86.16895220349662, 86.20937994027659, 86.2212042660336, 86.2323456587051, 86.19563235272788, 86.24967209558379, 86.19847306777565, 86.20828972435345, 86.19561647421888, 86.24495300426068, 86.19795603557816, 86.1653282802653, 86.21349091191689, 86.18371507270282, 86.22808988633838, 86.19318521705766, 86.24121143145115, 86.19451962941875, 86.21687300667337, 86.20318480386759, 86.17841855188554, 86.21067026148566, 86.24502602791983, 86.18118548255833, 86.24010348954369, 86.1953030807877, 86.16584134769143, 86.20992032999463, 86.20385995662153, 86.18621006741218, 86.18429420480595, 86.16894535568221, 86.2520704760271, 86.21764264217347, 86.18875532835276, 86.20696185100991, 86.2149686691047, 86.18342780136891, 86.22257095982259, 86.16838439458438, 86.23833642720436, 86.19717590060968, 86.256606819281, 86.21401220485697, 86.22996561970653, 86.24314922912912, 86.17964860054545, 86.17031784835808, 86.1807233236569, 86.19103089166559, 86.23398972733014, 86.18832916168024, 86.1939333897448, 86.28766970051997, 86.12469036085973, 86.19569600882309, 86.21905573683601, 86.22367752718031, 86.23439132311611, 86.23056510958455, 86.1865812688068, 86.2259578705438, 86.2506284126573, 86.16745416762944, 86.19174213456255, 86.20069473970104, 86.17207241748181, 86.20057106331033, 86.24900797664975, 86.22601771618068, 86.21337902197166, 86.25357865635196, 86.2253455769348, 86.2177614752915, 86.18921063714754, 86.23597538462646, 86.17708283909633, 86.26436149838699, 86.25390564813716]",120446.92993772641,35.0
./Generated_ACE_Potentials/Si_dataset/correlation_order_3_EFV/dia325/Si_degpair_3_degsite_21,3813.620654967876,23347.819982917565,"[87.04309221128987, 87.02936123568077, 87.09450078163579, 87.03801618052105, 87.03748304909062, 87.1249460178932, 87.07041542790297, 86.98042329623286, 87.11347159690573, 87.05030043689145, 87.03307750805426, 87.0419604724164, 87.10045401439216, 87.00251649002892, 87.14847793687592, 87.02427029709908, 86.97481203601042, 86.98057337871423, 86.9944031828695, 87.0115792633603, 87.04775469843057, 87.01886587109253, 87.07553120618675, 87.09965570618934, 87.06856722932416, 86.99925772623624, 87.10308939191876, 87.06793783891928, 87.0228102495244, 87.03930545936056, 87.00182808102728, 87.01164367607845, 87.11910831463891, 87.113140380302, 87.0375793207277, 87.03603473095123, 87.07793862831676, 87.02934473356882, 87.06771191694777, 87.03573934253949, 86.9996084713685, 87.08345422931433, 87.0200116513176, 87.00928808850585, 87.02975263452099, 87.07879878887312, 87.05298749335056, 87.05158473274321, 87.07541827235961, 87.08931456435663, 87.06582282109981, 87.06230335205368, 87.05113689142915, 87.03186279754128, 87.05566230613361, 86.95740521591385, 87.03867624818926, 87.02572618510234, 87.01015494323292, 87.08711735478926, 87.05617726717311, 87.03131622533947, 87.05146057392514, 87.03896582456201, 87.05120608883367, 87.13793297041984, 87.09725871565821, 87.0783596891606, 87.04519743698333, 87.06807649635196, 87.0127139996271, 87.11560931082161, 87.07832126128153, 87.02894432258753, 87.04980620530736, 87.10682666881222, 87.00767854497168, 87.05300444517081, 87.01806041535147, 87.08348168763982, 87.02735998471746, 87.0373952551252, 87.03406504300598, 87.06188759799758, 87.07824529222711, 87.08119435539196, 87.07976660582793, 87.05637190173219, 87.07696879696297, 87.01270407363246, 87.01092636517426, 87.05383536993244, 87.01602645344657, 87.13227186388242, 87.03028330538383, 87.08304573667242, 87.03437788125396, 87.09711393534076, 87.1085920327889, 87.12195446282949]",123373.97523331197,78.0
./Generated_ACE_Potentials/Si_dataset/correlation_order_3_EFV/dia325/Si_degpair_3_degsite_22,9428.086406659015,27648.356388479187,"[91.93501483312795, 91.89569144137481, 91.93272141866854, 91.89311861682296, 91.90600071965473, 91.90197943514171, 91.91345222120975, 91.9289300646222, 91.89459970507043, 91.95792170863673, 91.90301510850101, 91.90136926806908, 91.87774330102779, 91.8967000688831, 91.87687189808469, 91.90470722686094, 91.92764697629734, 91.90710009100215, 91.90135917291013, 91.88467600540666, 91.84391508270105, 91.91516281231304, 91.89879913119015, 91.90323248881198, 91.93901985695986, 91.86751181491789, 91.89936441893478, 91.87633884986917, 91.90040801448004, 91.90916196187817, 91.93808761687765, 91.88823783493491, 91.88216414147388, 91.88536930877719, 91.89688601552616, 91.89637636965924, 91.90934731181976, 91.9270797800127, 91.88654674123018, 91.8984092596222, 91.87790029907174, 91.88927563836324, 91.91239154813893, 91.9500925750744, 91.89285072890416, 91.93477953891205, 91.91273454927055, 91.8934404762225, 91.88651377534833, 91.87565471949037, 91.8702251007897, 91.8819086335597, 91.86895619317275, 91.9255239495471, 91.89936991944693, 91.89071019155938, 91.90773898004883, 91.8976538135405, 91.89937092589574, 91.8671065295061, 91.92132442368921, 91.9048982675187, 91.88938222312504, 91.89109103353725, 91.93677570583904, 91.90763690582084, 91.87042688233376, 91.9099453314751, 91.90134580608839, 91.91380752669524, 91.8893503188661, 91.90295676426483, 91.87701054146628, 91.89746116472935, 91.87587745886056, 91.90993449834104, 91.92980262967168, 91.9311738705643, 91.9046768984721, 91.90762549387055, 91.88661307268976, 91.91213441215058, 91.84178874714202, 91.87898913037063, 91.88521739983491, 91.92933094756124, 91.87883507958857, 91.86963593688526, 91.88845204191142, 91.89766019454908, 91.91462998179013, 91.9150611756413, 91.8826387436668, 91.85751288707246, 91.93449345313425, 91.93763739022262, 91.85807078804713, 91.94239012993572, 91.89951107483269, 91.92694181178805]",125734.08241607786,39.0
./Generated_ACE_Potentials/Si_dataset/correlation_order_3_EFV/dia325/Si_degpair_3_degsite_23,18492.20982946538,31942.268958176875,"[88.89904032261619, 88.82305808686462, 88.86332951338922, 88.83377790435836, 88.73579789562655, 88.86427570545645, 88.7512276694654, 88.83184868587936, 88.75485791440771, 88.79059742488332, 88.82385537150432, 88.81563530069734, 88.78415318627368, 88.86375947349758, 88.83225057792401, 88.78294657883414, 88.84946083979, 88.8463134041672, 88.84541877730132, 88.85519971657506, 88.88993122397365, 88.7867069573353, 88.77763149425417, 88.81242028626788, 88.84648990370141, 88.81286820274786, 88.83454247704921, 88.82875376113012, 88.85042138480459, 88.85945695205396, 88.84048451822677, 88.80377365156103, 88.83666450506225, 88.78463976188164, 88.85173471998272, 88.78192735235143, 88.80298411607002, 88.85584914787646, 88.84032463016477, 88.82673430318566, 88.80822658477535, 88.83410611065868, 88.83121443573629, 88.8592051280172, 88.84554380200886, 88.8218918694617, 88.84298891219287, 88.79658291076441, 88.82436550076979, 88.85464684291887, 88.77245780268545, 88.81856823243116, 88.81221706133206, 88.85907659172109, 88.76470952682692, 88.83720911288036, 88.85352479337716, 88.83055537463724, 88.89220103524056, 88.79093858065444, 88.8461536952094, 88.84391208059355, 88.81857762693478, 88.82547344471962, 88.79486894602917, 88.80497905372202, 88.8434323420203, 88.76381218941829, 88.7966105884959, 88.84163197226637, 88.86396293651974, 88.8417600603272, 88.77456183702105, 88.81367805928416, 88.81075829736706, 88.85823965171382, 88.80360444711054, 88.84805233421606, 88.8116457601397, 88.82784308179491, 88.81933588573493, 88.76587770973356, 88.81870218564717, 88.81297741134675, 88.86189492207838, 88.80841665035324, 88.85760828046152, 88.82757311327717, 88.83368092699745, 88.87174355197116, 88.78906521892537, 88.88205623069415, 88.84916279660249, 88.81513187449552, 88.83183805363001, 88.8397830400109, 88.83841506105958, 88.77773853992602, 88.83911830167209, 88.81693120265506]",127471.35157720394,27.0
./Generated_ACE_Potentials/Si_dataset/correlation_order_3_EFV/dia325/Si_degpair_3_degsite_24,34355.730218325516,36882.386255599165,"[90.02327689351097, 90.04496448777287, 90.01558038481829, 89.9947698642607, 89.94644127862408, 89.97654749385428, 90.01785468862379, 89.99749051007379, 89.98191577756654, 90.00481114824478, 89.98988427121903, 89.987903999192, 89.97429610133659, 89.99344122056334, 90.0093293019468, 89.99834915068675, 89.97914951029396, 89.95262480112594, 89.99072196574559, 90.0166041911259, 89.97955945991777, 90.0053734024674, 89.97549610569135, 89.95304030475899, 90.01855507627457, 90.00569517955832, 89.96310188098866, 90.03142333367354, 89.98597232323151, 89.94396952840427, 90.00117803286454, 90.00452340640956, 89.9859275119276, 90.01748307619415, 89.95348200738087, 89.95040069693754, 90.0119362859464, 90.00937196868412, 90.02714464797033, 90.01149568785375, 89.9583730738432, 89.9965687271561, 90.00209135162436, 89.95220011639034, 89.97970443549309, 90.03413684533666, 90.00638702160407, 89.97111102173707, 90.01866201999256, 89.98439069490854, 89.97450815864136, 89.96684856793811, 89.96478212634293, 90.00640296278493, 89.9780143603878, 90.01476544888853, 90.02060392044605, 89.99987587355604, 89.99097161323479, 90.03271788378323, 90.03144807413908, 90.000262535117, 89.95378990566172, 89.98371016089253, 90.01526415607428, 89.97743401376302, 89.9931854925777, 90.03759530168256, 89.96508161082117, 89.9912291663233, 89.99811846136456, 90.00810124817885, 89.97122820651418, 90.03550121346717, 89.99746430238831, 90.01911182196184, 90.00011113705445, 90.01880902303462, 89.98740561234604, 90.0013047066208, 89.99155402708095, 89.98380627024171, 89.98754883932904, 89.96208204428534, 90.0077376889709, 89.98394305596992, 90.02432226827264, 89.98344823096124, 89.986933430484, 90.00855190570664, 89.9754447437739, 89.96605852062882, 89.98699481416413, 89.99940485005766, 90.00454886229524, 90.0117194569922, 89.99831762442193, 89.97982090871103, 89.97374431824974, 90.01366040663392]",129127.15108185833,20.0
